"motor","config","repeticion","replicas","workers","nucleos","segundos","arranque_s","filas","mem_pico_mib","cpu_prom_pct","muestras","top1","top1_n","fecha"
"spark","A","0","1","1","2","4.175","3.585","1741828","1043.1","184.7","6","-14799_8151","5336","2026-10-05T22:58:14"
"spark","A","1","1","1","2","3.83","3.384","1741828","1006.7","209.3","6","-14799_8151","5336","2026-10-05T22:58:42"
"spark","A","2","1","1","2","3.95","3.391","1741828","1064.2","178.4","6","-14799_8151","5336","2026-10-05T22:58:57"
"spark","A","3","1","1","2","3.62","3.357","1741828","1159.2","171.9","6","-14799_8151","5336","2026-10-05T22:59:10"
"spark","B","0","1","2","4","4.757","3.39","1741828","1741","280","7","-14799_8151","5336","2026-10-05T23:01:02"
"spark","B","1","1","2","4","4.61","3.431","1741828","1775.2","326.3","7","-14799_8151","5336","2026-10-05T23:01:31"
"spark","B","2","1","2","4","4.659","3.513","1741828","1624","354","6","-14799_8151","5336","2026-10-05T23:01:46"
"spark","B","3","1","2","4","4.689","3.46","1741828","1571.5","370.5","6","-14799_8151","5336","2026-10-05T23:02:00"
"spark","B","0","10","2","4","8.361","3.448","17418280","2230.9","357.1","9","-14799_8151","53360","2026-10-05T23:07:24"
"spark","B","1","10","2","4","7.956","3.452","17418280","2029","355.3","8","-14799_8151","53360","2026-10-05T23:07:49"
"spark","B","2","10","2","4","7.472","3.511","17418280","2065","351.1","8","-14799_8151","53360","2026-10-05T23:08:07"
"spark","B","3","10","2","4","8.621","3.554","17418280","2181","398.5","9","-14799_8151","53360","2026-10-05T23:08:25"
"spark","A","0","10","1","2","6.709","3.464","17418280","1474.3","235.5","8","-14799_8151","53360","2026-10-05T23:12:34"
"spark","A","1","10","1","2","6.454","3.453","17418280","1527.4","228.2","8","-14799_8151","53360","2026-10-05T23:13:03"
"spark","A","2","10","1","2","6.409","3.527","17418280","1457.4","220.4","7","-14799_8151","53360","2026-10-05T23:13:19"
"spark","A","3","10","1","2","6.538","3.431","17418280","1263.2","222.1","8","-14799_8151","53360","2026-10-05T23:13:36"
"dask","A","0","10","1","2","2.112","0.029","17418280","401.3","51.4","3","-14799_8151","53360","2026-10-05T23:16:03"
"dask","A","1","10","1","2","2.104","0.034","17418280","497.1","93.7","4","-14799_8151","53360","2026-10-05T23:19:02"
"dask","A","2","10","1","2","1.801","0.03","17418280","467.7","80.8","4","-14799_8151","53360","2026-10-05T23:19:11"
"dask","A","3","10","1","2","1.958","0.031","17418280","471.3","79.5","4","-14799_8151","53360","2026-10-05T23:19:21"
"dask","B","0","10","2","4","1.343","0.03","17418280","617.5","111.7","3","-14799_8151","53360","2026-10-05T23:22:16"
"dask","B","1","10","2","4","1.405","0.035","17418280","686","28.1","3","-14799_8151","53360","2026-10-05T23:26:58"
"dask","B","2","10","2","4","1.252","0.034","17418280","693.1","34.1","3","-14799_8151","53360","2026-10-05T23:27:07"
"dask","B","3","10","2","4","1.164","0.033","17418280","695.6","32.6","3","-14799_8151","53360","2026-10-05T23:27:16"
"dask","A","0","1","1","2","0.564","0.03","1741828","410.5","57","3","-14799_8151","5336","2026-10-05T23:34:44"
"dask","A","1","1","1","2","0.314","0.032","1741828","445.1","60.9","3","-14799_8151","5336","2026-10-05T23:35:12"
"dask","A","2","1","1","2","0.292","0.03","1741828","466","29.1","3","-14799_8151","5336","2026-10-05T23:35:20"
"dask","A","3","1","1","2","0.292","0.03","1741828","364.2","6.2","3","-14799_8151","5336","2026-10-05T23:35:27"
"dask","B","0","1","2","4","0.461","0.03","1741828","609.9","62.6","3","-14799_8151","5336","2026-10-05T23:36:02"
"dask","B","1","1","2","4","0.196","0.028","1741828","576.2","9.3","3","-14799_8151","5336","2026-10-05T23:36:13"
"dask","B","2","1","2","4","0.217","0.029","1741828","679.3","61.6","3","-14799_8151","5336","2026-10-05T23:36:20"
"dask","B","3","1","2","4","0.187","0.029","1741828","579.3","8.3","3","-14799_8151","5336","2026-10-05T23:36:28"
